ID,Name,Email
1,Noah Johnson,noah.johnson@example.com
2,Amelia Brown,amelia.brown@example.com
3,Benjamin Green,benjamin.green@example.com
4,Charlotte Jones,charlotte.jones@example.com
5,Daniel Campbell,daniel.campbell@example.com
6,Abigail Jones,abigail.jones@example.com
7,Benjamin Brown,benjamin.brown@example.com
8,Caroline Moore,caroline.moore@example.com
9,Daniel Sander,daniel.sander@example.com
10,Emily Davis,emily.davis@example.com
11,Felicia Addams,felicia.addams@example.com
12,Gabriel Sanchez,gabriel.sanchez@example.com
13,Henry Lee,henry.lee@example.com
14,Isabella Allen,isabella.allen@example.com
15,James Kenn,james.kenn@example.com
16,Edward Levine,edward.levine@example.com
17,Clayton Peck,clayton.peck@example.com
18,Cara Hernandez,cara.hernandez@example.com
19,Adam Bell,adam.bell@example.com
20,Kathy Valdez,kathy.valdez@example.com
21,Charles Dunn,CharlesDunn@jump.com
